Ticker,Summary,Sentiment,Sentiment Score,URL
BTC,Bitcoin’s attempt to overcome substantial resistance at $48K was met with rejection. The price has recovered from the rejection of the $48K resistance. The 200-day moving average is seen as key support Bitcoin’s mid-term prospects suggest consolidation within the critical price range Bitcoin funding rates are at their lowest level in three years. Funding rates are a key indicator of market sentiment.,positive,0.9992577433586121,https://cryptonews.net/news/bitcoin/28430767/
BTC,,neutral,0.9998577833175659,https://cryptonews.net/news/bitcoin/28430811/
BTC,"The rate of Bitcoin (BTC) has increased by 0.68% since yesterday. Over the last week, the price has fallen by 2.40% Ethereum has gained the most value on the list today, going up by 1.12%. Cable may be set for a break of the interim level of $0.54.",positive,0.99952232837677,https://cryptonews.net/news/analytics/28430535/
BTC,"After briefly revisiting the $49,000 level, Bitcoin’s short-term price trajectory is under scrutiny. FieryTrading cites correlations between bear market bottoms and Bitcoin value. Is Bitcoin going to move towards $31,000, says analyst? ETF not meeting expectations in terms of Bitcoin price action. With the halving event scheduled for April, attention has shifted to other catalysts ETF has seen significant trading volume in recent days.",neutral,0.8884199857711792,https://cryptonews.net/news/bitcoin/28430370/
BTC,"Relative Strength Index moving south as bears have control. Ethereum price failed to post gains despite growing anticipation for ETFs. Relative Strength Index indicator is moving north in the region. Relative Strength Index indicator is in the green zone, backing the bull dominance prospects.",negative,0.9678128361701965,https://cryptonews.net/news/analytics/28430403/
BTC,"Crypto analyst Crypto Tony has predicted a potential price dip to $38,000. The cryptocurrency has witnessed a 5.01% dip over the past 30 days. Over 28K in long liquidations and $1.91 million in short liquidations. The halving of reward to miners is expected to take place on 18 December. The halving is seen as a significant catalyst for Bitcoin price Analysts anticipate a price rally beyond halving.",negative,0.9980125427246094,https://cryptonews.net/news/bitcoin/28430364/
BTC,"The Bitcoin price is showing mild recovery today, as the weekly drop to 2.4%. Relative Strength Index (RSI) indicator is moving north, showing bullish momentum. Bitcoin price has posted a gain of 1.9% in last 24 hours The Ethereum price has fallen below the $20,000 level today. The total market cap of the cryptocurrency has dropped to a record low The TIA/USDT chart points toward a pullback on the Celestia price.",negative,0.9840750694274902,https://cryptonews.net/news/analytics/28430321/
BTC,"The asset has failed to move during the weekend from the $41,500 mark. Most coins are also quite sluggish now, with minor gains At the end of last week, the crypto 888-739-5110 888-739-5110 888-739-5110 888-739-5110 888-739-5110 888-739-5110 888-739-5110 888-739-5110 888-739-5110 888-739-5110 888-739-5110 888-739-5110 Dogecoin takes main stage with 8% surge, but most coins remain sluggish. CMC’s market cap has risen to $1.640 trillion.",negative,0.9972770810127258,https://cryptonews.net/news/analytics/28429501/
BTC,"Bitcoin teetering on the edge of the $40,000 support level. Other tokens show mixed performance in crypto market Analysts suggest Bitcoin could be at risk of a double-digit decline. Cowen says Bitcoin has always followed bull market support band. Speaking at the World Economic Forum in Davos, Larry Summers says Bitcoin will fall into support band. All images are copyrighted.",negative,0.9979038238525391,https://cryptonews.net/news/bitcoin/28428963/
BTC,"SEC opens comment period for proposed rule change. Blackrock’s Ishares Bitcoin Trust has amassed 28,622 bitcoins. Nasdaq proposes to list and trade options on Bitcoin Trust. Nasdaq has filed a proposal with the SEC to allow options trading on Bitcoin ETFs. Ishares Bitcoin Trust has accumulated 28,622 bitcoins with a market value of $1.199 billion. Morgan Stanley analyst says Bitcoin is ‘not a store of value’.",neutral,0.999871015548706,https://cryptonews.net/news/bitcoin/28428617/
BTC,"@hedge__x on X predicts Bitcoin’s price will reach $100,000. However, the forecast comes with a caution, as many investors might be disappointed analyst sees ‘significant upside’ for the token. Ethereum’s market cap is estimated to be around $800 million ction of an Exchange-Traded Fund for Ethereum. The sentiment echoes through the crypto community, suggesting that Ethereum is poised for more substantial gains Ethereum is poised to overtake Bitcoin as the dominant player in 2024. Market cap of cryptocurrency is estimated to be around $3 billion.",positive,0.9991264939308167,https://cryptonews.net/news/ethereum/28428557/
BTC,"Ethereum has much more upside potential than Bitcoin. Ethereum (ETH) has more upside potential than BTC.D. Max gain for Total2. Bitcoin Dominance (BTC.D) is losing momentum. Ethereum ETF is one of the most anticipated events in 2024 Ethereum ETF could be approved by the end of this year. However, court processes over illegal securities offering might affect timeline es allows you to look at events from different angles.",positive,0.9961153268814087,https://cryptonews.net/news/ethereum/28427998/
